<?xml version="1.0" encoding="UTF-8"?>

<c3p0-config>
    <default-config>
        <property name="driverClass">com.mysql.cj.jdbc.Driver</property>
        <property name="jdbcUrl">jdbc:mysql://localhost:3306/hsp_db02</property>
        <property name="user">root</property>
        <property name="password">twb</property>

        <property name="initialPoolSize">10</property>
        <property name="maxIdleTime">30</property>
        <property name="maxPoolSize">100</property>
        <property name="minPoolSize">10</property>
    </default-config>

    <!-- 数据源名称代表连接池 -->
    <named-config name="hsp_edu">
        <property name="driverClass">com.mysql.cj.jdbc.Driver</property>
        <property name="jdbcUrl">jdbc:mysql://localhost:3306/hsp_db02</property>
        <property name="user">root</property>
        <property name="password">twb</property>
        <!-- 每次增长的连接数 -->
        <property name="acquireIncrement">5</property>
        <!-- 初始化的连接数 -->
        <property name="initialPoolSize">10</property>
        <property name="maxIdleTime">30</property>
        <property name="maxPoolSize">100</property>
        <property name="minPoolSize">10</property>
    </named-config>
</c3p0-config>
